[
    {
        "date": "2025-10-07",
        "condition": "available",
        "last_modified_date": "2025-10-08"
    },
    {
        "date": "2025-10-08",
        "condition": "available",
        "last_modified_date": "2025-10-09"
    },
    {
        "date": "2025-10-09",
        "condition": "available",
        "last_modified_date": "2025-10-10"
    },
    {
        "date": "2025-10-10",
        "condition": "available",
        "last_modified_date": "2025-10-11"
    },
    {
        "date": "2025-10-13",
        "condition": "available",
        "last_modified_date": "2025-10-14"
    },
    {
        "date": "2025-10-14",
        "condition": "available",
        "last_modified_date": "2025-10-15"
    },
    {
        "date": "2025-10-15",
        "condition": "available",
        "last_modified_date": "2025-10-16"
    },
    {
        "date": "2025-10-16",
        "condition": "available",
        "last_modified_date": "2025-10-17"
    },
    {
        "date": "2025-10-17",
        "condition": "available",
        "last_modified_date": "2025-10-18"
    },
    {
        "date": "2025-10-20",
        "condition": "available",
        "last_modified_date": "2025-10-21"
    },
    {
        "date": "2025-10-21",
        "condition": "available",
        "last_modified_date": "2025-10-22"
    },
    {
        "date": "2025-10-22",
        "condition": "available",
        "last_modified_date": "2025-10-23"
    },
    {
        "date": "2025-10-23",
        "condition": "available",
        "last_modified_date": "2025-10-24"
    },
    {
        "date": "2025-10-24",
        "condition": "available",
        "last_modified_date": "2025-10-25"
    },
    {
        "date": "2025-10-27",
        "condition": "available",
        "last_modified_date": "2025-10-28"
    },
    {
        "date": "2025-10-28",
        "condition": "available",
        "last_modified_date": "2025-10-29"
    },
    {
        "date": "2025-10-29",
        "condition": "available",
        "last_modified_date": "2025-10-30"
    },
    {
        "date": "2025-10-30",
        "condition": "available",
        "last_modified_date": "2025-10-31"
    },
    {
        "date": "2025-10-31",
        "condition": "available",
        "last_modified_date": "2025-11-01"
    },
    {
        "date": "2025-11-03",
        "condition": "available",
        "last_modified_date": "2025-11-04"
    },
    {
        "date": "2025-11-04",
        "condition": "available",
        "last_modified_date": "2025-11-05"
    },
    {
        "date": "2025-11-05",
        "condition": "available",
        "last_modified_date": "2025-11-06"
    },
    {
        "date": "2025-11-06",
        "condition": "available",
        "last_modified_date": "2025-11-07"
    }
]