{
    "version": 1,
    "job_id": "XNAS-20251107-G9LTWYC7R6",
    "query": {
        "dataset": "XNAS.ITCH",
        "schema": "ohlcv-1m",
        "symbols": [
            "MSFT",
            "GOOGL",
            "TSLA",
            "SPY",
            "QQQ",
            "SPYM",
            "AVGO",
            "UNH",
            "QCOM",
            "AMZN",
            "NVDA",
            "NVDX",
            "TQQQ",
            "SQQQ",
            "UPRO",
            "SPXU"
        ],
        "stype_in": "raw_symbol",
        "stype_out": "instrument_id",
        "start": 1759795200000000000,
        "end": 1762473600000000000,
        "limit": null,
        "encoding": "csv",
        "compression": "zstd"
    },
    "customizations": {
        "pretty_px": true,
        "pretty_ts": true,
        "map_symbols": true,
        "split_symbols": true,
        "split_duration": "day",
        "split_size": null,
        "packaging": null,
        "delivery": "download"
    }
}