{
    "result": {
        "MSFT": [
            {
                "d0": "2025-10-07",
                "d1": "2025-11-07",
                "s": "10888"
            }
        ],
        "GOOGL": [
            {
                "d0": "2025-10-07",
                "d1": "2025-11-07",
                "s": "7152"
            }
        ],
        "TSLA": [
            {
                "d0": "2025-10-07",
                "d1": "2025-11-07",
                "s": "16244"
            }
        ],
        "SPY": [
            {
                "d0": "2025-10-07",
                "d1": "2025-11-07",
                "s": "15144"
            }
        ],
        "QQQ": [
            {
                "d0": "2025-10-07",
                "d1": "2025-11-07",
                "s": "13340"
            }
        ],
        "SPYM": [
            {
                "d0": "2025-10-07",
                "d1": "2025-11-07",
                "s": "19482"
            }
        ],
        "AVGO": [
            {
                "d0": "2025-10-07",
                "d1": "2025-11-07",
                "s": "1429"
            }
        ],
        "UNH": [
            {
                "d0": "2025-10-07",
                "d1": "2025-11-07",
                "s": "16549"
            }
        ],
        "QCOM": [
            {
                "d0": "2025-10-07",
                "d1": "2025-11-07",
                "s": "13263"
            }
        ],
        "AMZN": [
            {
                "d0": "2025-10-07",
                "d1": "2025-11-07",
                "s": "853"
            }
        ],
        "NVDA": [
            {
                "d0": "2025-10-07",
                "d1": "2025-11-07",
                "s": "11667"
            }
        ],
        "NVDX": [
            {
                "d0": "2025-10-07",
                "d1": "2025-11-07",
                "s": "18363"
            }
        ],
        "TQQQ": [
            {
                "d0": "2025-10-07",
                "d1": "2025-11-07",
                "s": "16131"
            }
        ],
        "SQQQ": [
            {
                "d0": "2025-10-07",
                "d1": "2025-11-07",
                "s": "15165"
            }
        ],
        "UPRO": [
            {
                "d0": "2025-10-07",
                "d1": "2025-11-07",
                "s": "16573"
            }
        ],
        "SPXU": [
            {
                "d0": "2025-10-07",
                "d1": "2025-11-07",
                "s": "15140"
            }
        ]
    },
    "symbols": [
        "MSFT",
        "GOOGL",
        "TSLA",
        "SPY",
        "QQQ",
        "SPYM",
        "AVGO",
        "UNH",
        "QCOM",
        "AMZN",
        "NVDA",
        "NVDX",
        "TQQQ",
        "SQQQ",
        "UPRO",
        "SPXU"
    ],
    "stype_in": "raw_symbol",
    "stype_out": "instrument_id",
    "start_date": "2025-10-07",
    "end_date": "2025-11-07",
    "partial": [],
    "not_found": [],
    "message": "OK",
    "status": 0
}